Sid,ProductsCategoryName,Description,Recorddate
96,PUMPS,Pumps description,2019-03-07 13:16:25
97,VALVES,Valves Descritption,2019-03-07 13:16:51
98,FITTING,Fitting Descritption,2019-03-07 13:17:15
100,CLEANING,Cleaning Description,2019-03-07 13:18:37
102,DAIRY,Diary description,2019-03-07 15:33:08
103,PROCESS,Process Description,2019-03-07 15:33:37
104,STORAGE,Storage Description,2019-03-07 15:33:56
105,HANDLING,Handling Description,2019-03-07 15:34:16
109,df,ff,2019-03-22 20:30:43
110,gdf,dgdfg,2019-03-22 20:31:07
111,PUMPSTEST,Pumps descriptionPUMPSTEST,2019-03-23 14:41:26
112,PUMPSTEST,Pumps descriptionPUMPSTEST,2019-03-26 08:46:06
113,PUMPSTEST,Pumps descriptionPUMPSTEST,2019-03-26 08:47:31
114,PUMPSTEST,Pumps descriptionPUMPSTEST,2019-03-26 08:48:04
115,PUMPSTEST,Pumps descriptionPUMPSTEST,2019-03-26 08:48:38
116,PUMPSTEST,Pumps descriptionPUMPSTEST,2019-03-26 08:53:06
117,PUMPSTEST,Pumps descriptionPUMPSTEST,2019-03-26 08:53:37
118,PUMPSTEST,Pumps descriptionPUMPSTEST,2019-03-26 09:45:40
119,PUMPSTEST,Pumps descriptionPUMPSTEST,2019-03-26 09:46:08
120,PUMPSTEST,Pumps descriptionPUMPSTEST,2019-03-26 09:53:42
121,PUMPSTEST,Pumps descriptionPUMPSTEST,2019-03-26 10:04:48
122,PUMPSTEST,Pumps descriptionPUMPSTEST,2019-03-26 10:05:06
123,PUMPSTEST,Pumps descriptionPUMPSTEST,2019-03-26 10:07:19
